"lostConnection/title","Ooops!"
"lostConnection/des","Oh no! It seems there is something wrong with your internet connection. Please connect to the internet and try again."
"lostConnection/textButton","Try again"
"common/back","Back"
"common/goBack","Go back"
"common/remove","Remove"
"common/next","Next"
"common/saveAndClose","Save and close"
"common/24h","24 hours"
"sideMenu/myMenu","My Menu"
"sideMenu/myOrders","My Orders"
"sideMenu/myOutlet","My Outlet"
"sideMenu/outletAddress","Outlet Address"
"sideMenu/openingHours","Opening Hours"
"sideMenu/deliveryOptions","Delivery Options"
"sideMenu/paymentOptions","Payment Options"
"sideMenu/myUsers","My Users"
"sideMenu/faqs","FAQs & Help"
"sideMenu/language","Language"
"sideMenu/logout","Log out"
"sideMenu/term","Terms & Conditions"
"sideMenu/policy","Privacy Policy"
"login/title","LOGIN"
"login/phone","Mobile phone number"
"login/password","Password"
"login/login","Log in"
"login/forgotPassword","Forgot password?"
"login/registerGuide","Don't have an account yet?"
"login/register","Register here"
"login/placeholderPhone","Your mobile phone number"
"login/placeholderPass","Your password"
"login/accountHasBeenDeactivated","Your account has been deactivated. Please contact your site administrator"
"login/phoneNumberFormatError","Phone number can only be 10 digits."
"login/passwordFormatError","Password can only be at least 8 characters, 1 upper case, 1 lower case, 1 numeric."
"login/loginError","Please check your phone or your password."
"forgotPassword/title","FORGOT PASSWORD"
"forgotPassword/description","Let's help you create a new one!
Please enter your mobile number for verification."
"forgotPassword/phone","Mobile phone number"
"forgotPassword/continue","Continue"
"forgotPassword/login","Log in here"
"forgotPassword/register","Register here"
"forgotPassword/placeholderPhone","Your mobile phone number"
"forgotPassword/forgotPasswordError","Please check your mobile phone number."
"register/title","REGISTER"
"register/phone","Mobile phone number"
"register/name","Name"
"register/businessName","Business name"
"register/next","Next"
"register/loginGuide","Already had an account?"
"register/login","Log in here"
"register/agree","I agree to the "
"register/T&C","T&C"
"register/and"," and "
"register/policy","Privacy Policy"
"register/placeholderPhone","Your mobile phone number"
"register/placeholderName","Your name"
"register/placeholderBusinessName","Your business name"
"register/errorName","Name can not be empty"
"register/errorBusinessName","Business name can not be empty"
"register/registerError","Please check your information"
"OTP/title","VERIFY NUMBER"
"OTP/verify","Verify"
"OTP/wrongNumber","Wrong number? "
"OTP/reEnter","Re-enter here."
"OTP/enterOTP","Enter OTP"
"OTP/OTPExpired","OTP expired. "
"OTP/reSendOTP","Re-send OTP."
"OTP/OTPSentTo","OTP is sent to "
"OTP/reSendOTPFaild","Re-send OTP faild"
"OTP/expiredError","Code expired"
"OTP/verifyCodeError","Please check your code."
"OTP/setPasswordError","Please check your password"
"setupPassword/setPasswordTitle","SET PASSWORD"
"setupPassword/resetPasswordTitle","RESET PASSWORD"
"setupPassword/setPassword","Set Password"
"setupPassword/resetPassword","Reset Password"
"setupPassword/oldPassword","Current Password"
"setupPassword/password","Password"
"setupPassword/confirmPassword","Confirm Password"
"setupPassword/placeholderPass","Your password"
"setupPassword/placeholderConfirmPass","Confirm your password"
"setupPassword/retypeError","Password and confirm password should be the same."
"setupPasswordCompleted/registrationCompletedTitle","REGISTRATION COMPLETED"
"setupPasswordCompleted/passwordResetCompletedTitle","PASSWORD RESET COMPLETED"
"setupPasswordCompleted/registrationCompletedContent","You’ve finished your registration.
You can now log in to UMenu."
"setupPasswordCompleted/passwordResetCompletedContent","Your password has been reset.
You can now log in to UMenu."
"setupPasswordCompleted/getStarted","Let's get started!"
"setupPasswordCompleted/login","Login"
"setupPasswordCompleted/congratulation","Congratulation"
"home/welcome","Welcome"
"home/myMenu","MY MENU"
"home/myOrders","MY ORDERS"
"home/myOutlet","MY OUTLET"
"home/myUsers","MY USERS"
"home/myPromotions","MY PROMOTIONS"
"home/myPerformance","MY PERFORMANCE"
"home/addOutlet","Add it now"
"home/welcomeBackOfOutlet","You haven't finished adding your outlet information, please add it now."
"home/addMenu","Add a menu"
"home/welcomeBackOfMenu","You haven't added your outlet menu yet, please add one now."
"home/copyright","© 2021 Copyright Heineken. All Rights Reserved"
"myOutlet/myOutlet","MY OUTLET"
"myOutlet/basicInformation/title","OUTLET ADDRESS "
"myOutlet/basicInformation/outletName","Outlet name"
"myOutlet/basicInformation/city","City"
"myOutlet/basicInformation/district","District"
"myOutlet/basicInformation/ward","Ward"
"myOutlet/basicInformation/outletAddress","Outlet address"
"myOutlet/basicInformation/outletNamePlaceholder","Your outlet name"
"myOutlet/basicInformation/cityPlaceholder","Please select a city"
"myOutlet/basicInformation/districtPlaceholder","Please select a district"
"myOutlet/basicInformation/wardPlaceholder","Please select a ward"
"myOutlet/basicInformation/outletAddressPlaceholder","Your outlet address"
"myOutlet/basicInformation/selectCityFirst","Please select city first"
"myOutlet/basicInformation/selectDistrictFirst","Please select district first"
"myOutlet/basicInformation/outletNameError","Outlet name can not be empty"
"myOutlet/basicInformation/outletAddressError","Outlet address can not be empty"
"myOutlet/basicInformation/cityError","City can not be empty"
"myOutlet/basicInformation/districtError","District can not be empty"
"myOutlet/basicInformation/wardError","Ward can not be empty"
"myOutlet/basicInformation/invalidOutlet","Your outlet cannot update information"
"myOutlet/openingHours/title","OPENING HOURS"
"myOutlet/openingHours/open","Open"
"myOutlet/openingHours/closed","Closed"
"myOutlet/openingHours/monday","Monday"
"myOutlet/openingHours/tuesday","Tuesday"
"myOutlet/openingHours/wednesday","Wednesday"
"myOutlet/openingHours/thursday","Thursday"
"myOutlet/openingHours/friday","Friday"
"myOutlet/openingHours/saturday","Saturday"
"myOutlet/openingHours/sunday","Sunday"
"myOutlet/openingHours/opensAt","Opens at"
"myOutlet/openingHours/closesAt","Closed at"
"myOutlet/openingHours/inputError","Closing time must be greater than opening time"
"myOutlet/openingHours/overlapError","Do not overlap time periods"
"myOutlet/openingHours/invalidOpeningHours","Your opening hours cannot update information"
"myOutlet/openingHours/sameTimeError","Unable select open time and close time is the same"
"myOutlet/openingHours/atLeastOneOption","Please select at least one option"
"myOutlet/deliveryOptions/title","DELIVERY OPTIONS"
"myOutlet/deliveryOptions/enablePickup","Enable Pickup"
"myOutlet/deliveryOptions/readyIn","Ready in"
"myOutlet/deliveryOptions/minutes","minutes"
"myOutlet/deliveryOptions/discount","Discount (%)"
"myOutlet/deliveryOptions/enableDelivery","Enable Delivery"
"myOutlet/deliveryOptions/estimatedTimeGuide","Please include estimated delivery time"
"myOutlet/deliveryOptions/deliveryFee","Delivery fee"
"myOutlet/deliveryOptions/minimumOrderAmount","Minimum order amount"
"myOutlet/deliveryOptions/freeDeliveryWith","Free delivery with order value above"
"myOutlet/deliveryOptions/discountPlaceholder","Enter discount"
"myOutlet/deliveryOptions/deliveryFeePlaceholder","Enter delivery fee"
"myOutlet/deliveryOptions/minimumOrderAmountPlaceholder","Enter minimum order"
"myOutlet/deliveryOptions/orderValuePlaceholder","Enter order value"
"myOutlet/deliveryOptions/updateError","Your delivery options cannot update information"
"myOutlet/deliveryOptions/onlyNumberError","Only numbers"
"myOutlet/deliveryOptions/discountInputError","Only 2 number after decimal"
"myOutlet/deliveryOptions/atLeastOneOption","Please select at least one option"
"myOutlet/deliveryOptions/discountError","Discount must be entered between 0 and 100"
"myOutlet/deliveryOptions/emptyDeliveryFee","Please input delivery fee"
"myOutlet/deliveryOptions/emptyMinimumOrderAmount","Please input minimum order amount"
"myOutlet/deliveryOptions/emptyFeeDeliveryWith","Please input free delivery with order value above"
"myOutlet/deliveryOptions/emptyDiscount","Please input discount (%)"
"myOutlet/paymentOptions/title","PAYMENT OPTIONS"
"myOutlet/paymentOptions/outletInfoUpdated","Outlet information has been updated. Please go ahead and add your menu."
"myOutlet/paymentOptions/epayRegister","If you do not have an existing account, please "
"myOutlet/paymentOptions/signUpHere","sign up here"
"myOutlet/paymentOptions/placeholder","Please input here"
"myOutlet/paymentOptions/requiredError","Input is required"
"myOutlet/paymentOptions/linkError","Please input a correct link"
"myOutlet/paymentOptions/phoneNumberError","Please input a correct phone number"
"myOutlet/paymentOptions/updateError","Your payment options cannot update information"
"myOutlet/paymentOptions/atLeastOneOption","Please select at least one option"
"myOrders/noOrderFound/title","No order found"
"myOrders/noOrderFound/info","Hmm, looks like your customers haven’t made any order yet."
"myOrders/orderFilter/title","FILTER BY"
"myOrders/orderFilter/orderDateRange","ORDER DATE RANGE"
"myOrders/orderFilter/startDate","Start date"
"myOrders/orderFilter/endDate","End date"
"myOrders/orderFilter/fromTo","FROM - TO"
"myOrders/orderFilter/deliveryOption","DELIVERY OPTION"
"myOrders/orderFilter/pickup","Pickup"
"myOrders/orderFilter/delivery","Delivery"
"myOrders/orderFilter/paymentOption","PAYMENT OPTION"
"myOrders/orderFilter/cash","Cash"
"myOrders/orderFilter/creditCard","Credit Card"
"myOrders/orderFilter/clear","Clear"
"myOrders/orderFilter/apply","Apply"
"myOrders/orderFilter/selectDateError","Please select both start date and end date"
"myOrders/orderSort/title","SORT BY"
"myOrders/orderSort/totalPrice","TOTAL PRICE"
"myOrders/orderSort/highToLow","High to low"
"myOrders/orderSort/lowToHigh","Low To High"
"myOrders/orderSort/orderDate","ORDER DATE"
"myOrders/orderSort/latest","Latest"
"myOrders/orderSort/oldest","Oldest"
"myOrders/all/title","MY ORDERS"
"myOrders/all/filter","Filter"
"myOrders/all/sort","Sort"
"myOrders/all/searchOrder","Search order..."
"myOrders/all/all","All"
"myOrders/all/new","New"
"myOrders/all/inProgress","In progress"
"myOrders/all/ready","Ready"
"myOrders/all/cancelled","Cancelled"
"myOrders/all/completed","Completed"
"myOrders/all/rejected","Rejected"
"myOrders/all/buyerName","Buyer name"
"myOrders/all/buyerPhone","Buyer phone"
"myOrders/all/items","Items"
"myOrders/all/total","Total"
"myOrders/all/deliveryOption","Delivery option"
"myOrders/searchOrder/noOrderFound","NO ORDER FOUND"
"myOrders/calendarPicker/startDateTitle","START DATE"
"myOrders/calendarPicker/endDateTitle","END DATE"
"myOrders/calendarPicker/setStart","Set Start"
"myOrders/calendarPicker/setEnd","Set End"
"myOrders/calendarPicker/cancel","Cancel"
"myOrders/calendarPicker/setDate","Set date"
"myOrders/calendarPicker/january","January"
"myOrders/calendarPicker/february","February"
"myOrders/calendarPicker/march","March"
"myOrders/calendarPicker/april","April"
"myOrders/calendarPicker/may","May"
"myOrders/calendarPicker/june","June"
"myOrders/calendarPicker/july","July"
"myOrders/calendarPicker/august","August"
"myOrders/calendarPicker/september","September"
"myOrders/calendarPicker/october","October"
"myOrders/calendarPicker/november","November"
"myOrders/calendarPicker/december","December"
"myOrders/calendarPicker/su","Su"
"myOrders/calendarPicker/mo","Mo"
"myOrders/calendarPicker/tu","Tu"
"myOrders/calendarPicker/we","We"
"myOrders/calendarPicker/th","Th"
"myOrders/calendarPicker/fr","Fr"
"myOrders/calendarPicker/sa","Sa"
"myOrders/calendarPicker/selectDateError","Can not select these dates"
"myOrders/calendarPicker/setDateError","Please select both from date and to date"
"myOrders/orderDetail/order","ORDER"
"myOrders/orderDetail/subTotal","Sub total"
"myOrders/orderDetail/noteFromBuyer","Note from buyer:"
"myOrders/orderDetail/orderDate","Order date"
"myOrders/orderDetail/orderStatus","Order status"
"myOrders/orderDetail/buyerName","Buyer name"
"myOrders/orderDetail/buyerPhone","Buyer phone"
"myOrders/orderDetail/total","Total"
"myOrders/orderDetail/deliveryOption","Delivery option"
"myOrders/orderDetail/paymentOption","Payment option"
"myOrders/orderDetail/new","New"
"myOrders/orderDetail/inProgress","In progress"
"myOrders/orderDetail/ready","Ready"
"myOrders/orderDetail/cancelled","Cancelled"
"myOrders/orderDetail/completed","Completed"
"myOrders/orderDetail/rejected","Rejected"
"myOrders/orderDetail/pickup","Pickup"
"myOrders/orderDetail/delivery","Delivery"
"myOrders/orderDetail/reject","Reject"
"myOrders/orderDetail/accept","Accept"
"myOrders/orderDetail/cancelOrder","Cancel order"
"myOrders/orderDetail/readyForPickup","Ready for pickup"
"myOrders/orderDetail/completeOrder","Complete order"
"myOrders/orderDetail/completedOn","This order is completed on"
"myOrders/orderDetail/cancelledOn","This order is cancelled on"
"myOrders/orderDetail/rejectedOn","This order is rejected by outlet on"
"myOrders/orderDetail/changeStatusError","Unable to change order status"
"myOrders/rejectPopup/title","Reject this order?"
"myOrders/rejectPopup/desc","Are you sure you want to reject? You can also send a message to the buyer."
"myOrders/rejectPopup/messageToBuyer","Message to buyer"
"myOrders/rejectPopup/reject","Reject"
"myOrders/rejectPopup/cancel","Cancel"
"myOrders/rejectPopup/placeholder","Please type your message here"
"myOrders/cancelPopup/title","Cancel this order?"
"myOrders/cancelPopup/desc","Are you sure you want to cancel?"
"myOrders/cancelPopup/messageToBuyer","Message to buyer"
"myOrders/cancelPopup/confirm","Yes, cancel order"
"myOrders/cancelPopup/goBack","Go back"
"myOrders/cancelPopup/placeholder","Please type your message here"
"FAQ/submitButton","Submit your Question"
"FAQ/chatZalo","Chat with us on Zalo"
"FAQ/title","Frequently Asked Questions:"
"FAQ/QuestionTitle","SUBMIT A QUESTION"
"FAQ/questionRelated","Your question is related to "
"FAQ/howCanHelp","How can we help?"
"FAQ/submit","Submit"
"FAQ/placeholderLargeText","Please type your inquiry here"
"FAQ/gotIt","Got it"
"FAQ/submitSuccess","Your question has been submitted. We will get back to you as soon as possible."
"FAQ/submitError","Can not submit"
"FAQ/largeTextError","Your inquiry can not be empty"
"menu/createNewMenu/title","NEW MENU"
"menu/createNewMenu/Tab1Title","MENU INFORMATION"
"menu/createNewMenu/Tab2Title","MENU DETAIL"
"menu/createNewMenu/TitleBanner","Banner image"
"menu/createNewMenu/titleInput","Title"
"menu/createNewMenu/titleLargeInput","Description"
"menu/createNewMenu/saveButton","Save and continue"
"menu/createNewMenu/titlePlaceholder","Menu title"
"menu/createNewMenu/descriptionPlaceholder","Menu description"
"menu/createNewMenu/createSuccessMsg","Outlet information has been saved."
"menu/createNewMenu/noSectionTitle","No sections yet"
"menu/createNewMenu/noSectionDesLine1","You haven't added any sections yet."
"menu/createNewMenu/noSectionDesLine2","Please add one or import from Heineken."
"menu/createNewMenu/addSection","Add section"
"menu/createNewMenu/addSectionHeader","ADD SECTION"
"menu/createNewMenu/sectionName","Section name"
"menu/createNewMenu/placeHolderSectionName","Enter section name"
"menu/createNewMenu/errorInputSection","Please set your "Section title" first"
"menu/createNewMenu/sectionHint","Give the menu section a clear name, for example 'Starters', 'Desserts', or 'Pizza'."
"menu/createNewMenu/add","Add"
"menu/createNewMenu/addSectionSuccess","A section has been added. Add product in order to preview/publish your menu."
"menu/createNewMenu/errorInput","Please set your "Menu title" first"
"menu/createNewMenu/faildCreate","Can not create new menu"
"menu/createNewMenu/faildCreateSection","Faild to create section."
"menu/menuList/headerTitle","MENUS LIST"
"menu/menuList/addMenu","Add menu"
"menu/menuList/addStaff","Add staff"
"menu/menuList/view","View"
"menu/menuList/close","Close"
"menu/menuList/viewMenu","View Menu"
"menu/menuList/coolMenuIsPublished","Cool! Menu is published!"
"menu/menuList/edit","Edit"
"menu/menuList/delete","Delete"
"menu/menuList/unpublish","Unpublish"
"menu/menuList/publish","Publish"
"menu/menuList/viewQR","View QR"
"menu/menuList/copyURL","Copy URL"
"menu/menuList/preview","Preview"
"menu/menuList/cancel","Cancel"
"menu/menuList/deleteMenu","Delete Menu"
"menu/menuList/deleteMenuButton","Yes, delete"
"menu/menuList/deleteMenuMsg","Are you sure you want to delete?"
"menu/menuList/menuURLCopiedToClipboard","Menu URL copied to clipboard."
"menu/menuList/publishMenu","Publish menu"
"menu/menuList/publishMenuButton","Yes, publish"
"menu/menuList/unPublishMenuButton","Yes, unpublish"
"menu/menuList/unPublishMenu","Unpublish menu"
"menu/menuList/publishMenuMsg","Are you sure you want to publish?"
"menu/menuList/unPublishMenuMsg","Are you sure you want to unpublish?"
"menu/menuList/publishSuccessMsg","The Menu has been published."
"menu/menuList/unPublishSuccessMsg","The Menu has been Unpublished."
"menu/menuList/deleteMenuSuccessMsg","The Menu has been deleted."
"menu/menuList/previewMenu","PREVIEW MENU"
"menu/sectionList/arrangeTitle","Re-arrange sections"
"menu/sectionList/show","Show"
"menu/sectionList/hide","Hide"
"menu/sectionList/addProduct","Add product"
"menu/sectionList/importFromHeniken","Import from Heineken"
"menu/sectionList/deleteSection","Delete {SectionName} section?"
"menu/sectionList/deleteSectionSuccessMsg","The Section has been deleted."
"menu/sectionList/updateSuccess","The Section has been updated."
"menu/sectionList/errorUpdateSection","The Section has not been updated."
"menu/productList/updateSuccess","The Product has been updated."
"menu/productList/errorUpdateProduct","The Product has not been updated."
"menu/productList/deleteProductSuccessMsg","The Product has been deleted."
"menu/productList/emptyProductTitle1","You haven't added any products yet."
"menu/productList/emptyProductTitle2","Please add one."
"menu/productList/arrangeTitle","Re-arrange products"
"menu/productList/importHeinekenTitle","Add Heineken products"
"menu/productList/selectAll","Select All"
"menu/productList/clear","Clear"
"menu/productList/addButton","Add"
"menu/productList/selectedTitle","{selectedNumber} of {totalItem} selected"
"menu/productList/defaultProductSelectString","Please select from the following"
"menu/productList/productTitle","Product"
"menu/productList/sectionTitle","Section"
"menu/productList/errorImportProduct","Cannot import, please try again!"
"menu/productList/existedImport","The product already existed on the section. Please select other"
"menu/addProduct/title","ADD PRODUCT"
"menu/addProduct/titleEdit","EDIT PRODUCT"
"menu/addProduct/productImage","Product image"
"menu/addProduct/productName","Product name"
"menu/addProduct/titlePlaceholder","Product title"
"menu/addProduct/price","Price"
"menu/addProduct/description","Description"
"menu/addProduct/placeholderDes","Product description"
"menu/addProduct/18product","18+ product"
"menu/addProduct/add","Add"
"menu/addProduct/addSuccessMsg","Menu has been saved."
"menu/addProduct/update","Update"
"menu/addProduct/delete","Delete Product"
"menu/addProduct/deleteProduct","Delete this product?"
"menu/addProduct/errorName","Name can not be empty"
"menu/addProduct/errorPrice","Price can not be empty"
"menu/addProduct/errorAddProduct","Can not add product"
"menu/addProduct/updateSuccess","Update product success"
"menu/addProduct/errorUpdateProduct","Can not update product"
"imageFromDevice/titleUpload","TAKE A PHOTO OR UPLOAD"
"imageFromDevice/takeAPhoto","Take a photo"
"imageFromDevice/chooseFromLib","Choose from library"
"imageFromDevice/cancel","Cancel"
"imageFromDevice/uploadError","Can not upload image"
"myUsers/myUsers","MY USERS"
"myUsers/addUser","Add User"
"myUsers/editUser","Edit User"
"myUsers/outletManager","Outlet Manager"
"myUsers/phoneNumber","Phone Number"
"myUsers/password","Password"
"myUsers/name","Name"
"myUsers/role","Role"
"myUsers/add","Add"
"myUsers/cancel","Cancel"
"myUsers/update","Update"
"myUsers/deleteMenuButton","Yes, delete"
"myUsers/deleteThisUser","Delete this user?"
"myUsers/deleteDesc","Are you sure you want to delete?"
"myUsers/communitySeller","Community Seller"
"myUsers/faildCreate","Can not create new user"
"myUsers/faildUpdate","Can not update this user"
"myUsers/faildDeleted","Can not delete this user"
"myUsers/successCreate","User has been added"
"myUsers/successUpdate","User has been updated"
"myUsers/successUpdatePhoneNumber","Phone number has been updated"
"myUsers/successUpdatePassword","Password has been updated"
"myUsers/you","(You)"
"promotions/myPromotions/titleHeader","MY PROMOTIONS"
"promotions/myPromotions/des","UMenu offers easy and perfect solutions to push sales for your outlet."
"promotions/myPromotions/textButton","Get started"
"promotions/listPromotions/titleHeader","MY PROMOTIONS"
"promotions/listPromotions/title","Manage your promotions here"
"promotions/listPromotions/titleGift","GIFTS WITH PURCHASE"
"promotions/listPromotions/desGift","Set up to offer free gifts with every single purchase"
"promotions/listGift/titleHeader","GIFTS WITH PURCHASE"
"promotions/listGift/titleNoGift","No gifts yet"
"promotions/listGift/desNoGift1","You haven’t created any gifts yet."
"promotions/listGift/desNoGift2","Please create one."
"promotions/listGift/createGift","Create gift"
"promotions/listGift/all","ALL"
"promotions/listGift/active","Active"
"promotions/listGift/inactive","Inactive"
"promotions/listGift/activeTab","ACTIVE"
"promotions/listGift/inactiveTab","INACTIVE"
"promotions/listGift/from","From"
"promotions/listGift/to","To"
"promotions/selectMenu/titleHeader","SELECT MENU"
"promotions/selectMenu/select","Select"
"promotions/currentGift/titleCreate","CREATE GIFT"
"promotions/currentGift/titleEdit","EDIT GIFT"
"promotions/currentGift/giftInfo","GIFT INFORMATION"
"promotions/currentGift/giftName","Gift name"
"promotions/currentGift/placeHolderGiftName","Enter gift name"
"promotions/currentGift/des","Description"
"promotions/currentGift/placeHolderGiftDes","Enter description"
"promotions/currentGift/applicableProducts","APPLICABLE PRODUCT(S)"
"promotions/currentGift/giftProducts","GIFT PRODUCT(S)"
"promotions/currentGift/selectProduct","Select product"
"promotions/currentGift/selectMoreProduct","Select more product"
"promotions/currentGift/selectProductGift","Add product"
"promotions/currentGift/selectMoreProductGift","Add more product"
"promotions/currentGift/selectGift","You haven’t added any gifts yet."
"promotions/currentGift/notSelectMsg","You haven’t selected any products yet. "
"promotions/currentGift/plsSelectMore","Please select product(s)."
"promotions/currentGift/plsSelectMoreGift","Please add one."
"promotions/currentGift/quantity","Quantity"
"promotions/currentGift/selectFromMenu","Select from menu"
"promotions/currentGift/addNew","Add new"
"promotions/currentGift/titleSelect","SELECT FROM MENU"
"promotions/currentGift/titleAdd","ADD NEW"
"promotions/currentGift/desSelect","Select a product from your menu and set it as a gift."
"promotions/currentGift/desAdd","Add a new gift."
"promotions/currentGift/gotIt","Got it"
"promotions/currentGift/conditions","CONDITIONS"
"promotions/currentGift/limitgift","Limit the number of gift"
"promotions/currentGift/limitUses","Limit the uses per customer"
"promotions/currentGift/placeholderMaxGift","Enter number of gift"
"promotions/currentGift/placeholderMaxUses","Enter number of use"
"promotions/currentGift/validityPeriod","Validity Period"
"promotions/currentGift/startDate","Start date"
"promotions/currentGift/endDate","End date"
"promotions/selectProductScreen/headerTitle","SELECT PRODUCT"
"promotions/selectProductScreen/selected","selected"
"promotions/addNewGift/headerTitle","ADD NEW GIFT"
"promotions/addNewGift/productImage","Product image"
"promotions/addNewGift/productName","Product name"
"promotions/addNewGift/placeHolderName","Enter product name"
"promotions/addNewGift/add","Add"
"promotions/addNewGift/errorInputName","Please enter product name"
"adminUsers/users","Users"
"adminUsers/deleteMenuButton","Yes, delete"
"adminUsers/deleteThisUser","Delete this user?"
"adminUsers/deleteDesc","Are you sure you want to delete?"
"adminUsers/yesActivate","Yes, activate"
"adminUsers/yesDeactivate","Yes, deactivate"
"adminUsers/communitySeller","Community Seller"
"adminUsers/deactivateThisUser","Deactivate this user?"
"adminUsers/activateThisUserAlert","Activate this user?"
"adminUsers/activateThisUserMsg","Are you sure you want to activate?"
"adminUsers/deactivateThisUserMsg","Are you sure you want to deactivate?"
"adminUsers/phoneNumber","Phone Number"
"adminUsers/password","Password"
"adminUsers/name","Name"
"adminUsers/role","Role"
"adminUsers/add","Add"
"adminUsers/activate","Activate"
"adminUsers/deactivate","Deactivate"
"adminUsers/admin","Admin"
"adminUsers/addUser","Add User"
"adminUsers/editUser","Edit User"
"adminUsers/update","Update"
"adminUsers/cancel","Cancel"
"adminUsers/you","(You)"
"adminSideMenu/defaultMenu","Default Menu"
"adminSideMenu/outlets","Outlets"
"adminSideMenu/users","Users"
"adminSideMenu/reporting","Reporting"
"adminSideMenu/faqs","FAQs & Help"
"adminSideMenu/logout","Log out"
"adminSideMenu/term","Terms & Conditions"
"adminSideMenu/policy","Privacy Policy"
"adminHome/defaultMenu","DEFAULT MENU"
"adminHome/outlets","OUTLETS"
"adminHome/users","USERS"
"adminHome/reporting","REPORTING"
"adminHome/promotions","PROMOTIONS"
"adminHome/support","SUPPORT"
"adminOutlets/outlets","OUTLETS"
"adminOutlets/activeMenu","ACTIVE MENU"
"adminOutlets/search","Search..."
"adminOutlets/filter","Filter"
"adminOutlets/sort","Sort"
"adminOutlets/noOutletFound","NO OUTLET FOUND"
"adminOutletFilter/title","FILTER BY"
"adminOutletFilter/activeMenu","ACTIVE MENU"
"adminOutletFilter/haveActiveMenu","Outlets that have active menu"
"adminOutletFilter/dontHaveActiveMenu","Outlets that don't have active menu"
"adminOutletFilter/city","CITY"
"adminOutletFilter/selectACity","Select a city"
"adminOutletFilter/selected","selected"
"adminOutletFilter/districts","DISTRICT(S)"
"adminOutletFilter/selectACityFirst","Select a city first"
"adminOutletFilter/selectDistricts","Select district(s)"
"adminOutletFilter/districtSelected","districts selected"
"adminOutletFilter/cityPopupTitle","SELECT A CITY"
"adminOutletFilter/districtPopupTitle","SELECT DISTRICT(S)"
"adminOutletFilter/select","Select"
"adminOutletFilter/clear","Clear"
"adminOutletFilter/apply","Apply"
"adminOutletSort/title","SORT BY"
"adminOutletSort/createdDate","CREATED DATE"
"adminOutletSort/newest","Newest"
"adminOutletSort/oldest","Oldest"
"adminOutletSort/outletName","OUTLET NAME"
"adminOutletSort/aZ","A to Z"
"adminOutletSort/zA","Z to A"
"adminOutletSort/clear","Clear"
"adminOutletSort/apply","Apply"
"adminOutletDetail/active","ACTIVE"
"adminOutletDetail/inactive","INACTIVE"
"adminOutletDetail/mobilePhoneNumber","Mobile phone number"
"adminOutletDetail/registeredUsername","Registered Username"
"adminOutletDetail/menus","MENUS"
"adminOutletDetail/users","USERS"
"adminOutletDetail/orders","ORDERS"
"adminOutletDetail/deactivate","Deactivate"
"adminOutletDetail/activate","Activate"
"adminOutletDetail/deactivateTitlePopup","Deactivate this outlet?"
"adminOutletDetail/deactivateDescPopup","Are you sure you want to deactivate?"
"adminOutletDetail/confirmDeactivate","Yes, deactivate"
"adminOutletDetail/activateTitlePopup","Activate this outlet?"
"adminOutletDetail/activateDescPopup","Are you sure you want to activate?"
"adminOutletDetail/confirmActivate","Yes, activate"
"adminOutletDetail/cancel","Cancel"
"defaultMenu/title","DEFAULT MENU"
"defaultMenu/product/rsp","RSP"
"adminSupport/title","SUPPORT"
"adminSupport/selectDateRange","SELECT DATE RANGE"
"adminSupport/from","From"
"adminSupport/to","To"
"adminSupport/outlet","Outlet"
"adminSupport/topic","Topic"
"adminSupport/time","Time"
"adminSupport/detailFeedback/title","Support Detail"
"adminSupport/detailFeedback/outletName","Outlet name"
"adminSupport/detailFeedback/userName","User name"
"adminSupport/detailFeedback/mobileNumber","Mobile number"
"adminSupport/detailFeedback/relatedTopic","Related Topic"
"adminSupport/detailFeedback/question","Question"
"adminSupport/detailFeedback/sendSMS","Send SMS"
"adminSupport/detailFeedback/call","Call"
"adminSupport/detailFeedback/resolve","Resolve"
"adminSupport/detailFeedback/alreadyResolveText","This question has been successfully resolved"
"hcsSideMenu/menus","Menus"
"hcsSideMenu/performance","Performance"
"hcsSideMenu/faqs","FAQs & Help"
"hcsSideMenu/language","Language"
"hcsSideMenu/logout","Log out"
"hcsSideMenu/term","Terms & Conditions"
"hcsSideMenu/policy","Privacy Policy"
"hcsHome/menus","MENUS"
"hcsHome/performance","PERFORMANCE"
"hcsOutletList/title","OUTLETS WITH MENUS"
"hcsOutletList/activeMenu","ACTIVE MENU"
"hcsOutletList/search","Search..."
"hcsOutletList/filter","Filter"
"hcsOutletList/sort","Sort"
"hcsOutletList/noOutletFound","NO OUTLET FOUND"
"hcsOutletListFilter/title","FILTER BY"
"hcsOutletListFilter/city","CITY"
"hcsOutletListFilter/selected","selected"
"hcsOutletListFilter/districts","DISTRICT(S)"
"hcsOutletListFilter/selectDistricts","Select district(s)"
"hcsOutletListFilter/districtSelected","districts selected"
"hcsOutletListFilter/districtPopupTitle","SELECT DISTRICT(S)"
"hcsOutletListFilter/select","Select"
"hcsOutletListFilter/clear","Clear"
"hcsOutletListFilter/apply","Apply"
"hcsOutletListSort/title","SORT BY"
"hcsOutletListSort/outletName","OUTLET NAME"
"hcsOutletListSort/aZ","A to Z"
"hcsOutletListSort/zA","Z to A"
"hcsOutletListSort/numberOfMenus","NUMBER OF MENUS"
"hcsOutletListSort/ascending","Ascending"
"hcsOutletListSort/descending","Descending"
"hcsOutletListSort/clear","Clear"
"hcsOutletListSort/apply","Apply"
"hcsMenuList/des","Please do not share these menus to people under 18 years of age"
"hscPerformance/performance","PERFORMANCE"
"hscPerformance/myPerformance","MY PERFORMANCE"
"hscPerformance/myStanding","MY STANDING"
"hscPerformance/selectDateRange","SELECT DATE RANGE"
"hscPerformance/from","From"
"hscPerformance/to","To"
"hscPerformance/menu","Menu"
"hscPerformance/orders","Orders"
"hscPerformance/sales","Sales"
"hscPerformance/total","Total"
"hscPerformance/topStandingsThisWeek","Top Standings this week"
"hscPerformance/myRank","My rank"
"hscPerformance/getDataError","Cannot get the data"
"ocsSideMenu/menus","Menus"
"ocsSideMenu/performance","performance"
"ocsSideMenu/faqs","FAQs & Help"
"ocsSideMenu/language","Language"
"ocsSideMenu/logout","Log out"
"ocsSideMenu/term","Terms & Conditions"
"ocsSideMenu/policy","Privacy Policy"
"ocsHome/menus","MENUS"
"ocsHome/performance","PERFORMANCE"