"lostConnection/title","Ooops!","Rất tiếc!",""
"lostConnection/des","Oh no! It seems there is something wrong with your internet connection. Please connect to the internet and try again.","Ôi không! Có vẻ như đã xảy ra sự cố với kết nối internet của bạn. Vui lòng kết nối Internet và thử lại.",""
"lostConnection/textButton","Try again","Thử lại",""
"common/back","Back","Quay lại",""
"common/goBack","Go back","Quay lại",""
"common/remove","Remove","Loại bỏ",""
"common/next","Next","Kế tiếp",""
"common/saveAndClose","Save and close","Lưu và đóng",""
"common/24h","24 hours","24 giờ",""
"sideMenu/myMenu","My Menu","Thực đơn của tôi",""
"sideMenu/myOrders","My Orders","Đơn đặt hàng của tôi",""
"sideMenu/myOutlet","My Outlet","Cửa hàng của tôi",""
"sideMenu/outletAddress","Outlet Address","",""
"sideMenu/openingHours","Opening Hours","",""
"sideMenu/deliveryOptions","Delivery Options","",""
"sideMenu/paymentOptions","Payment Options","",""
"sideMenu/myUsers","My Users","Người dùng của tôi",""
"sideMenu/faqs","FAQs & Help","Những câu hỏi thường gặp và trợ giúp","Câu hỏi thường gặp"
"sideMenu/language","Language","Ngôn ngữ",""
"sideMenu/logout","Log out","Đăng xuất",""
"sideMenu/term","Terms & Conditions","Điều khoản và điều kiện",""
"sideMenu/policy","Privacy Policy","Chính sách về quyền riêng tư","Chính sách quyền riêng tư"
"login/title","LOGIN","ĐĂNG NHẬP",""
"login/phone","Mobile phone number","Số điện thoại",""
"login/password","Password","Mật khẩu",""
"login/login","Log in","Đăng nhập",""
"login/forgotPassword","Forgot password?","Quên mật khẩu?",""
"login/registerGuide","Don't have an account yet?","Bạn chưa có tài khoản?",""
"login/register","Register here","Đăng ký ở đây",""
"login/placeholderPhone","Your mobile phone number","Số điện thoại di động của bạn",""
"login/placeholderPass","Your password","Mật khẩu của bạn",""
"login/accountHasBeenDeactivated","Your account has been deactivated. Please contact your site administrator","",""
"login/phoneNumberFormatError","Phone number can only be 10 digits.","Số điện thoại chỉ có thể có 10 chữ số.",""
"login/passwordFormatError","Password can only be at least 8 characters, 1 upper case, 1 lower case, 1 numeric.","Mật khẩu chỉ được có ít nhất 8 ký tự, 1 chữ hoa, 1 chữ thường, 1 chữ số.",""
"login/loginError","Please check your phone or your password.","Vui lòng kiểm tra điện thoại hoặc mật khẩu của bạn.",""
"forgotPassword/title","FORGOT PASSWORD","QUÊN MẬT KHẨU",""
"forgotPassword/description","Let's help you create a new one!
Please enter your mobile number for verification.","Hãy để chúng tôi giúp bạn tạo lại mật khẩu mới!
Vui lòng nhập số điện thoại của bạn để xác minh.",""
"forgotPassword/phone","Mobile phone number","Số điện thoại",""
"forgotPassword/continue","Continue","Tiếp tục",""
"forgotPassword/login","Log in here","Đăng nhập tại đây",""
"forgotPassword/register","Register here","Đăng ký ở đây",""
"forgotPassword/placeholderPhone","Your mobile phone number","Số điện thoại di động của bạn",""
"forgotPassword/forgotPasswordError","Please check your mobile phone number.","Vui lòng kiểm tra số điện thoại di động của bạn.",""
"register/title","REGISTER","ĐĂNG KÝ",""
"register/phone","Mobile phone number","Số điện thoại",""
"register/name","Name","Họ và tên",""
"register/businessName","Business name","Tên doanh nghiệp",""
"register/next","Next","Tiếp theo",""
"register/loginGuide","Already had an account?","Đã có tài khoản?",""
"register/login","Log in here","Đăng nhập tại đây",""
"register/agree","I agree to the ","Tôi đồng ý ",""
"register/T&C","T&C","T&C",""
"register/and"," and "," và ",""
"register/policy","Privacy Policy","Chính sách bảo mật",""
"register/placeholderPhone","Your mobile phone number","Số điện thoại di động của bạn",""
"register/placeholderName","Your name","Tên của bạn",""
"register/placeholderBusinessName","Your business name","Tên doanh nghiệp của bạn",""
"register/errorName","Name can not be empty","Họ và tên không được để trống",""
"register/errorBusinessName","Business name can not be empty","Tên doanh nghiệp không được để trống",""
"register/registerError","Please check your information","Vui lòng kiểm tra thông tin của bạn",""
"OTP/title","VERIFY NUMBER","XÁC MINH SỐ ĐIỆN THOẠI",""
"OTP/verify","Verify","Xác nhận",""
"OTP/wrongNumber","Wrong number? ","Sai số điện thoại? ",""
"OTP/reEnter","Re-enter here.","Nhập lại tại đây.",""
"OTP/enterOTP","Enter OTP","Nhập OTP",""
"OTP/OTPExpired","OTP expired. ","OTP đã hết hạn. ",""
"OTP/reSendOTP","Re-send OTP.","Gửi lại OTP.",""
"OTP/OTPSentTo","OTP is sent to ","OTP đã được gửi đến ",""
"OTP/reSendOTPFaild","Re-send OTP faild","Gửi lại OTP thất bại",""
"OTP/expiredError","Code expired","Mã đã hết hạn",""
"OTP/verifyCodeError","Please check your code.","Vui lòng kiểm tra mã của bạn.",""
"OTP/setPasswordError","Please check your password","Vui lòng kiểm tra mật khẩu của bạn",""
"setupPassword/setPasswordTitle","SET PASSWORD","THIẾT LẬP MẬT KHẨU",""
"setupPassword/resetPasswordTitle","RESET PASSWORD","ĐẶT LẠI MẬT KHẨU",""
"setupPassword/setPassword","Set Password","Thiết lập mật khẩu",""
"setupPassword/resetPassword","Reset Password","Đặt lại mật khẩu",""
"setupPassword/oldPassword","Current Password","Mật khẩu hiện tại",""
"setupPassword/password","Password","Mật khẩu",""
"setupPassword/confirmPassword","Confirm Password","Xác nhận mật khẩu",""
"setupPassword/placeholderPass","Your password","Mật khẩu của bạn",""
"setupPassword/placeholderConfirmPass","Confirm your password","Xác nhận mật khẩu của bạn",""
"setupPassword/retypeError","Password and confirm password should be the same.","Mật khẩu và mật khẩu xác nhận phải giống nhau.",""
"setupPasswordCompleted/registrationCompletedTitle","REGISTRATION COMPLETED","ĐÃ ĐĂNG KÝ HOÀN TẤT",""
"setupPasswordCompleted/passwordResetCompletedTitle","PASSWORD RESET COMPLETED","ĐẶT LẠI MẬT KHẨU HOÀN TẤT",""
"setupPasswordCompleted/registrationCompletedContent","You’ve finished your registration.
You can now log in to UMenu.","Bạn đã hoàn tất đăng ký.
Bây giờ, bạn có thể đăng nhập vào UMenu.",""
"setupPasswordCompleted/passwordResetCompletedContent","Your password has been reset.
You can now log in to UMenu.","Mật khẩu của bạn đã được đặt lại.
Bây giờ, bạn có thể đăng nhập vào UMenu.",""
"setupPasswordCompleted/getStarted","Let's get started!","Hãy bắt đầu nào!",""
"setupPasswordCompleted/login","Login","Đăng nhập",""
"setupPasswordCompleted/congratulation","Congratulation","Chúc mừng",""
"home/welcome","Welcome","Xin chào",""
"home/myMenu","MY MENU","THỰC ĐƠN CỦA TÔI",""
"home/myOrders","MY ORDERS","ĐƠN HÀNG CỦA TÔI",""
"home/myOutlet","MY OUTLET","CỬA HÀNG CỦA TÔI",""
"home/myUsers","MY USERS","NGƯỜI DÙNG CỦA TÔI",""
"home/myPromotions","MY PROMOTIONS","KHUYẾN MÃI CỦA TÔI",""
"home/myPerformance","MY PERFORMANCE","HIỆU SUẤT CỦA TÔI",""
"home/addOutlet","Add it now","Thêm cửa hàng ngay bây giờ",""
"home/welcomeBackOfOutlet","You haven't finished adding your outlet information, please add it now.","Bạn chưa hoàn tất việc thêm thông tin cửa hàng của mình, vui lòng bổ sung thông tin cửa hàng ngay bây giờ.",""
"home/addMenu","Add a menu","Thêm một thực đơn",""
"home/welcomeBackOfMenu","You haven't added your outlet menu yet, please add one now.","Bạn chưa thêm thực đơn cho cửa hàng của mình, vui lòng thêm một thực đơn ngay bây giờ.",""
"home/copyright","© 2021 Copyright Heineken. All Rights Reserved","© 2021 Quyền tác giả Heineken. Đã đăng ký bản quyền tác giả",""
"myOutlet/myOutlet","MY OUTLET","",""
"myOutlet/basicInformation/title","OUTLET ADDRESS ","ĐỊA CHỈ CỬA HÀNG ","ĐỊA CHỈ"
"myOutlet/basicInformation/outletName","Outlet name","Tên cửa hàng",""
"myOutlet/basicInformation/city","City","Thành phố",""
"myOutlet/basicInformation/district","District","Quận",""
"myOutlet/basicInformation/ward","Ward","Phường",""
"myOutlet/basicInformation/outletAddress","Outlet address","Địa chỉ cửa hàng",""
"myOutlet/basicInformation/outletNamePlaceholder","Your outlet name","Tên cửa hàng của bạn",""
"myOutlet/basicInformation/cityPlaceholder","Please select a city","Vui lòng chọn một thành phố",""
"myOutlet/basicInformation/districtPlaceholder","Please select a district","Vui lòng chọn một quận",""
"myOutlet/basicInformation/wardPlaceholder","Please select a ward","Vui lòng chọn một phường",""
"myOutlet/basicInformation/outletAddressPlaceholder","Your outlet address","Địa chỉ cửa hàng của bạn",""
"myOutlet/basicInformation/selectCityFirst","Please select city first","Vui lòng chọn thành phố trước",""
"myOutlet/basicInformation/selectDistrictFirst","Please select district first","Vui lòng chọn quận trước",""
"myOutlet/basicInformation/outletNameError","Outlet name can not be empty","Tên cửa hàng không được để trống",""
"myOutlet/basicInformation/outletAddressError","Outlet address can not be empty","Địa chỉ cửa hàng không được để trống",""
"myOutlet/basicInformation/cityError","City can not be empty","Thành phố không được để trống",""
"myOutlet/basicInformation/districtError","District can not be empty","Quận không được để trống",""
"myOutlet/basicInformation/wardError","Ward can not be empty","Phường không được để trống",""
"myOutlet/basicInformation/invalidOutlet","Your outlet cannot update information","Cửa hàng của bạn không thể cập nhật thông tin",""
"myOutlet/openingHours/title","OPENING HOURS","GIỜ MỞ CỬA",""
"myOutlet/openingHours/open","Open","Mở cửa",""
"myOutlet/openingHours/closed","Closed","Đóng cửa",""
"myOutlet/openingHours/monday","Monday","Thứ hai",""
"myOutlet/openingHours/tuesday","Tuesday","Thứ ba",""
"myOutlet/openingHours/wednesday","Wednesday","Thứ tư",""
"myOutlet/openingHours/thursday","Thursday","Thứ năm",""
"myOutlet/openingHours/friday","Friday","Thứ sáu",""
"myOutlet/openingHours/saturday","Saturday","Thứ bảy",""
"myOutlet/openingHours/sunday","Sunday","Chủ nhật",""
"myOutlet/openingHours/opensAt","Opens at","Mở cửa vào",""
"myOutlet/openingHours/closesAt","Closed at","Đóng cửa vào",""
"myOutlet/openingHours/inputError","Closing time must be greater than opening time","Thời gian đóng cửa phải lớn hơn thời gian mở cửa",""
"myOutlet/openingHours/overlapError","Do not overlap time periods","Khoảng thời gian không được trùng lặp",""
"myOutlet/openingHours/invalidOpeningHours","Your opening hours cannot update information","Giờ mở cửa của bạn không thể cập nhật thông tin",""
"myOutlet/openingHours/sameTimeError","Unable select open time and close time is the same","Không thể chọn thời gian mở cửa và thời gian đóng cửa giống nhau",""
"myOutlet/openingHours/atLeastOneOption","Please select at least one option","Vui lòng chọn ít nhất một lựa chọn",""
"myOutlet/deliveryOptions/title","DELIVERY OPTIONS","CÁC LỰA CHỌN GIAO HÀNG","GIAO HÀNG"
"myOutlet/deliveryOptions/enablePickup","Enable Pickup","Nhận hàng tại cửa hàng",""
"myOutlet/deliveryOptions/readyIn","Ready in","Sẵn sàng trong",""
"myOutlet/deliveryOptions/minutes","minutes","phút",""
"myOutlet/deliveryOptions/discount","Discount (%)","Giãm giá (%)",""
"myOutlet/deliveryOptions/enableDelivery","Enable Delivery","Giao hàng tận nơi",""
"myOutlet/deliveryOptions/estimatedTimeGuide","Please include estimated delivery time","Vui lòng thêm thời gian giao hàng ước tính",""
"myOutlet/deliveryOptions/deliveryFee","Delivery fee","Phí giao hàng",""
"myOutlet/deliveryOptions/minimumOrderAmount","Minimum order amount","Số lượng đặt hàng tối thiểu",""
"myOutlet/deliveryOptions/freeDeliveryWith","Free delivery with order value above","Giao hàng miễn phí với giá trị đơn hàng trên",""
"myOutlet/deliveryOptions/discountPlaceholder","Enter discount","Nhập giãm giá",""
"myOutlet/deliveryOptions/deliveryFeePlaceholder","Enter delivery fee","Nhập phí giao hàng",""
"myOutlet/deliveryOptions/minimumOrderAmountPlaceholder","Enter minimum order","Nhập số lượng đơn hàng tối thiểu",""
"myOutlet/deliveryOptions/orderValuePlaceholder","Enter order value","Nhập giá trị đơn hàng",""
"myOutlet/deliveryOptions/updateError","Your delivery options cannot update information","Lựa chọn giao hàng của bạn không thể cập nhật thông tin",""
"myOutlet/deliveryOptions/onlyNumberError","Only numbers","Chỉ được nhập số",""
"myOutlet/deliveryOptions/discountInputError","Only 2 number after decimal","Chỉ được có 2 chữ số thập phân",""
"myOutlet/deliveryOptions/atLeastOneOption","Please select at least one option","Vui lòng chọn ít nhất một tùy chọn",""
"myOutlet/deliveryOptions/discountError","Discount must be entered between 0 and 100","Giãm giá phải được nhập từ 0 đến 100",""
"myOutlet/deliveryOptions/emptyDeliveryFee","Please input delivery fee","Vui lòng nhập phí giao hàng",""
"myOutlet/deliveryOptions/emptyMinimumOrderAmount","Please input minimum order amount","Vui lòng nhập số lượng đặt hàng tối thiểu",""
"myOutlet/deliveryOptions/emptyFeeDeliveryWith","Please input free delivery with order value above","Phí giao hàng sẽ được miễn phí với giá trị đơn hàng trên",""
"myOutlet/deliveryOptions/emptyDiscount","Please input discount (%)","Vui lòng nhập giãm giá (%)",""
"myOutlet/paymentOptions/title","PAYMENT OPTIONS","PHƯƠNG THỨC THANH TOÁN","THANH TOÁN"
"myOutlet/paymentOptions/outletInfoUpdated","Outlet information has been updated. Please go ahead and add your menu.","Thông tin cửa hàng đã được cập nhật. Vui lòng tiếp tục và thêm thực đơn của bạn.",""
"myOutlet/paymentOptions/epayRegister","If you do not have an existing account, please ","Nếu bạn hiện không có tài khoản, vui lòng ",""
"myOutlet/paymentOptions/signUpHere","sign up here","đăng ký tại đây",""
"myOutlet/paymentOptions/placeholder","Please input here","Vui lòng nhập vào đây",""
"myOutlet/paymentOptions/requiredError","Input is required","Đầu vào là bắt buộc",""
"myOutlet/paymentOptions/linkError","Please input a correct link","Vui lòng nhập một liên kết chính xác",""
"myOutlet/paymentOptions/phoneNumberError","Please input a correct phone number","Vui lòng nhập một số điện thoại chính xác",""
"myOutlet/paymentOptions/updateError","Your payment options cannot update information","Phương thức thanh toán của bạn không thể cập nhật thông tin",""
"myOutlet/paymentOptions/atLeastOneOption","Please select at least one option","Vui lòng chọn ít nhất một lựa chọn",""
"myOrders/noOrderFound/title","No order found","Không tìm thấy đơn hàng",""
"myOrders/noOrderFound/info","Hmm, looks like your customers haven’t made any order yet.","Rất tiếc, có vẻ như khách hàng của bạn chưa đặt hàng.",""
"myOrders/orderFilter/title","FILTER BY","LỌC ĐƠN HÀNG THEO",""
"myOrders/orderFilter/orderDateRange","ORDER DATE RANGE","KHOẢNG THỜI GIAN ĐẶT HÀNG",""
"myOrders/orderFilter/startDate","Start date","Ngày bắt đầu",""
"myOrders/orderFilter/endDate","End date","Ngày kết thúc",""
"myOrders/orderFilter/fromTo","FROM - TO","TỪ - ĐẾN",""
"myOrders/orderFilter/deliveryOption","DELIVERY OPTION","LỰA CHỌN GIAO HÀNG",""
"myOrders/orderFilter/pickup","Pickup","Nhận hàng tại cửa hàng",""
"myOrders/orderFilter/delivery","Delivery","Giao hàng tận nơi",""
"myOrders/orderFilter/paymentOption","PAYMENT OPTION","PHƯƠNG THỨC THANH TOÁN",""
"myOrders/orderFilter/cash","Cash","Tiền mặt",""
"myOrders/orderFilter/creditCard","Credit Card","Thẻ tín dụng",""
"myOrders/orderFilter/clear","Clear","Xóa hết",""
"myOrders/orderFilter/apply","Apply","Áp dụng",""
"myOrders/orderFilter/selectDateError","Please select both start date and end date","Vui lòng chọn cả ngày bắt đầu và ngày kết thúc",""
"myOrders/orderSort/title","SORT BY","SẮP XẾP THEO",""
"myOrders/orderSort/totalPrice","TOTAL PRICE","TỔNG THANH TOÁN",""
"myOrders/orderSort/highToLow","High to low","Cao đến thấp",""
"myOrders/orderSort/lowToHigh","Low To High","Thấp đến cao",""
"myOrders/orderSort/orderDate","ORDER DATE","NGÀY ĐẶT HÀNG",""
"myOrders/orderSort/latest","Latest","Gần nhất",""
"myOrders/orderSort/oldest","Oldest","Xa nhất",""
"myOrders/all/title","MY ORDERS","ĐƠN HÀNG CỦA TÔI",""
"myOrders/all/gift","[Gift]","",""
"myOrders/all/filter","Filter","Bộ lọc",""
"myOrders/all/sort","Sort","Sắp xếp",""
"myOrders/all/searchOrder","Search order...","Tìm kiếm đơn hàng...",""
"myOrders/all/all","All","Tất cả",""
"myOrders/all/new","New","Đơn mới",""
"myOrders/all/inProgress","In progress","Đang xử lý",""
"myOrders/all/ready","Ready","Sẳn sàng",""
"myOrders/all/cancelled","Cancelled","Đã hủy",""
"myOrders/all/completed","Completed","Hoàn tất",""
"myOrders/all/rejected","Rejected","Bị từ chối",""
"myOrders/all/buyerName","Buyer name","Tên người mua",""
"myOrders/all/buyerPhone","Buyer phone","Số điện thoại người mua",""
"myOrders/all/items","Items","Mặt hàng",""
"myOrders/all/total","Total","Tổng thanh toán",""
"myOrders/all/deliveryOption","Delivery option","Lựa chọn giao hàng",""
"myOrders/searchOrder/noOrderFound","NO ORDER FOUND","KHÔNG TÌM THẤY ĐƠN HÀNG",""
"myOrders/calendarPicker/startDateTitle","START DATE","NGÀY BẮT ĐẦU",""
"myOrders/calendarPicker/endDateTitle","END DATE","NGÀY KẾT THÚC",""
"myOrders/calendarPicker/setStart","Set Start","Đặt ngày bắt đầu",""
"myOrders/calendarPicker/setEnd","Set End","Đặt ngày kết thúc",""
"myOrders/calendarPicker/cancel","Cancel","Hủy bỏ",""
"myOrders/calendarPicker/setDate","Set date","Đặt ngày",""
"myOrders/calendarPicker/january","January","Tháng một",""
"myOrders/calendarPicker/february","February","Tháng hai",""
"myOrders/calendarPicker/march","March","Tháng ba",""
"myOrders/calendarPicker/april","April","Tháng tư",""
"myOrders/calendarPicker/may","May","Tháng năm",""
"myOrders/calendarPicker/june","June","Tháng sáu",""
"myOrders/calendarPicker/july","July","Tháng bảy",""
"myOrders/calendarPicker/august","August","Tháng tám",""
"myOrders/calendarPicker/september","September","Tháng chín",""
"myOrders/calendarPicker/october","October","Tháng mười",""
"myOrders/calendarPicker/november","November","Tháng mười một",""
"myOrders/calendarPicker/december","December","Tháng mười hai",""
"myOrders/calendarPicker/su","Su","CN",""
"myOrders/calendarPicker/mo","Mo","T2",""
"myOrders/calendarPicker/tu","Tu","T3",""
"myOrders/calendarPicker/we","We","T4",""
"myOrders/calendarPicker/th","Th","T5",""
"myOrders/calendarPicker/fr","Fr","T6",""
"myOrders/calendarPicker/sa","Sa","T7",""
"myOrders/calendarPicker/selectDateError","Can not select these dates","Không thể chọn những ngày này",""
"myOrders/calendarPicker/setDateError","Please select both from date and to date","Vui lòng chọn từ ngày... tới ngày...",""
"myOrders/orderDetail/order","ORDER","ĐƠN HÀNG",""
"myOrders/orderDetail/subTotal","Sub total","Tổng tiền hàng",""
"myOrders/orderDetail/noteFromBuyer","Note from buyer:","Ghi chú từ người mua:",""
"myOrders/orderDetail/orderDate","Order date","Ngày đặt hàng",""
"myOrders/orderDetail/orderStatus","Order status","Tình trạng đơn hàng",""
"myOrders/orderDetail/buyerName","Buyer name","Tên người mua",""
"myOrders/orderDetail/buyerPhone","Buyer phone","Số điện thoại người mua",""
"myOrders/orderDetail/total","Total","Tổng thanh toán",""
"myOrders/orderDetail/deliveryOption","Delivery option","Lựa chọn giao hàng",""
"myOrders/orderDetail/paymentOption","Payment option","Phương thức thanh toán",""
"myOrders/orderDetail/new","New","Đơn mới",""
"myOrders/orderDetail/inProgress","In progress","Đang xử lý",""
"myOrders/orderDetail/ready","Ready","Sẳn sàng",""
"myOrders/orderDetail/cancelled","Cancelled","Đã hủy",""
"myOrders/orderDetail/completed","Completed","Hoàn tất",""
"myOrders/orderDetail/rejected","Rejected","Bị từ chối",""
"myOrders/orderDetail/pickup","Pickup","Nhận hàng tại cửa hàng",""
"myOrders/orderDetail/delivery","Delivery","Giao hàng tận nơi",""
"myOrders/orderDetail/reject","Reject","Từ chối",""
"myOrders/orderDetail/accept","Accept","Chấp nhận",""
"myOrders/orderDetail/cancelOrder","Cancel order","Hủy đơn hàng",""
"myOrders/orderDetail/readyForPickup","Ready for pickup","Đơn hàng đã sẳn sàng để nhận",""
"myOrders/orderDetail/completeOrder","Complete order","Đơn hàng thành công",""
"myOrders/orderDetail/completedOn","This order is completed on","Đơn hàng này thành công vào lúc",""
"myOrders/orderDetail/cancelledOn","This order is cancelled on","Đơn hàng này bị hủy vào lúc",""
"myOrders/orderDetail/rejectedOn","This order is rejected by outlet on","Đơn hàng này bị cửa hàng từ chối vào lúc",""
"myOrders/orderDetail/changeStatusError","Unable to change order status","",""
"myOrders/rejectPopup/title","Reject this order?","Từ chối đơn đặt hàng này?",""
"myOrders/rejectPopup/desc","Are you sure you want to reject? You can also send a message to the buyer.","Bạn có chắc chắn muốn từ chối đơn này không? Bạn cũng có thể gửi tin nhắn cho người mua.",""
"myOrders/rejectPopup/messageToBuyer","Message to buyer","Nhắn tin cho người mua",""
"myOrders/rejectPopup/reject","Reject","Từ chối",""
"myOrders/rejectPopup/cancel","Cancel","Hủy bỏ",""
"myOrders/rejectPopup/placeholder","Please type your message here","Vui lòng nhập tin nhắn của bạn tại đây",""
"myOrders/cancelPopup/title","Cancel this order?","Hủy đơn hàng này?",""
"myOrders/cancelPopup/desc","Are you sure you want to cancel?","Bạn có chắc rằng mình muốn hủy đơn hàng này?",""
"myOrders/cancelPopup/messageToBuyer","Message to buyer","Nhắn tin cho người mua",""
"myOrders/cancelPopup/confirm","Yes, cancel order","Đồng ý hủy đơn hàng",""
"myOrders/cancelPopup/goBack","Go back","Quay lại",""
"myOrders/cancelPopup/placeholder","Please type your message here","Vui lòng nhập tin nhắn của bạn tại đây",""
"FAQ/submitButton","Submit your Question","Gửi câu hỏi của bạn",""
"FAQ/chatZalo","Chat with us on Zalo","",""
"FAQ/title","Frequently Asked Questions:","Các câu hỏi thường gặp:",""
"FAQ/QuestionTitle","SUBMIT A QUESTION","GỬI CÂU HỎI",""
"FAQ/questionRelated","Your question is related to ","Câu hỏi của bạn có liên quan đến ",""
"FAQ/howCanHelp","How can we help?","Làm thế nào chúng ta có thể giúp đỡ?",""
"FAQ/submit","Submit","Gửi",""
"FAQ/placeholderLargeText","Please type your inquiry here","Vui lòng nhập câu hỏi của bạn ở đây",""
"FAQ/gotIt","Got it","Đã hiểu",""
"FAQ/submitSuccess","Your question has been submitted. We will get back to you as soon as possible.","Câu hỏi của bạn đã được gửi. Chúng tôi sẽ liên hệ lại với mình trong thời gian sớm nhất.",""
"FAQ/submitError","Can not submit","Không thể gửi",""
"FAQ/largeTextError","Your inquiry can not be empty","Câu hỏi của bạn không được để trống",""
"menu/createNewMenu/title","NEW MENU","THỰC ĐƠN MỚI",""
"menu/createNewMenu/Tab1Title","MENU INFORMATION","THÔNG TIN THỰC ĐƠN",""
"menu/createNewMenu/Tab2Title","MENU DETAIL","CHI TIẾT THỰC ĐƠN",""
"menu/createNewMenu/TitleBanner","Banner image","Hình ảnh biểu ngữ",""
"menu/createNewMenu/titleInput","Title","Tiêu đề",""
"menu/createNewMenu/titleLargeInput","Description","Miêu tả",""
"menu/createNewMenu/saveButton","Save and continue","Lưu và tiếp tục",""
"menu/createNewMenu/titlePlaceholder","Menu title","Tiêu đề thực đơn",""
"menu/createNewMenu/descriptionPlaceholder","Menu description","Mô tả thực đơn",""
"menu/createNewMenu/createSuccessMsg","Outlet information has been saved.","Thông tin cửa hàng đã được lưu.",""
"menu/createNewMenu/noSectionTitle","No sections yet","Chưa có danh mục nào",""
"menu/createNewMenu/noSectionDesLine1","You haven't added any sections yet.","Bạn chưa thêm bất kỳ danh mục nào.",""
"menu/createNewMenu/noSectionDesLine2","Please add one or import from Heineken.","Vui lòng thêm một danh mục hoặc nhập từ Heineken",""
"menu/createNewMenu/addSection","Add section","Thêm danh mục",""
"menu/createNewMenu/addSectionHeader","ADD SECTION","THÊM DANH MỤC",""
"menu/createNewMenu/sectionName","Section name","Tên danh mục",""
"menu/createNewMenu/placeHolderSectionName","Enter section name","Nhập tên danh mục",""
"menu/createNewMenu/errorInputSection","Please set your "Section title" first","Vui lòng đặt "Section title" của bạn trước",""
"menu/createNewMenu/sectionHint","Give the menu section a clear name, for example 'Starters', 'Desserts', or 'Pizza'.","Hãy cho danh mục thực đơn một cái tên cụ thể, ví dụ 'Khai vị', 'Tráng miệng', hoặc 'Pizza'.",""
"menu/createNewMenu/add","Add","Thêm",""
"menu/createNewMenu/addSectionSuccess","A section has been added. Add product in order to preview/publish your menu.","Một danh mục đã được thêm vào. Thêm sản phẩm vào đơn hàng để xem trước/đăng tải thực đơn của bạn.",""
"menu/createNewMenu/errorInput","Please set your "Menu title" first","Vui lòng đặt "Menu title" của bạn trước",""
"menu/createNewMenu/faildCreate","Can not create new menu","Không thể tạo thực đơn mới",""
"menu/createNewMenu/faildCreateSection","Faild to create section.","Không tạo được danh mục.",""
"menu/menuList/headerTitle","MENUS LIST","DANH SÁCH THỰC ĐƠN",""
"menu/menuList/addMenu","Add menu","Thêm thực đơn",""
"menu/menuList/addStaff","Add staff","Thêm nhân viên",""
"menu/menuList/view","View","Xem",""
"menu/menuList/close","Close","Đóng",""
"menu/menuList/viewMenu","View Menu","Xem thực đơn",""
"menu/menuList/coolMenuIsPublished","Cool! Menu is published!","Tuyệt vời! Thực đơn đã được đăng tải!",""
"menu/menuList/edit","Edit","Chỉnh sửa",""
"menu/menuList/delete","Delete","Xóa",""
"menu/menuList/unpublish","Unpublish","Hủy đăng tải",""
"menu/menuList/publish","Publish","Đăng tải",""
"menu/menuList/viewQR","View QR","Xem mã QR",""
"menu/menuList/copyURL","Copy URL","Sao chép URL",""
"menu/menuList/preview","Preview","Xem trước",""
"menu/menuList/cancel","Cancel","Hủy bỏ",""
"menu/menuList/deleteMenu","Delete Menu","Xóa thực đơn",""
"menu/menuList/deleteMenuButton","Yes, delete","Đồng ý xóa thực đơn",""
"menu/menuList/deleteMenuMsg","Are you sure you want to delete?","Bạn có chắc muốn xóa?",""
"menu/menuList/menuURLCopiedToClipboard","Menu URL copied to clipboard.","URL thực đơn đã được sao chép vào khay nhớ tạm.",""
"menu/menuList/publishMenu","Publish menu","Đăng tải thực đơn",""
"menu/menuList/publishMenuButton","Yes, publish","Đồng ý đăng thực đơn",""
"menu/menuList/unPublishMenuButton","Yes, unpublish","Đồng ý không đăng thực đơn",""
"menu/menuList/unPublishMenu","Unpublish menu","Không đăng tải thực đơn",""
"menu/menuList/publishMenuMsg","Are you sure you want to publish?","Bạn có chắc rằng mình muốn đăng tải không?",""
"menu/menuList/unPublishMenuMsg","Are you sure you want to unpublish?","Bạn có chắc rằng mình không muốn đăng tải không?",""
"menu/menuList/publishSuccessMsg","The Menu has been published.","Thực đơn đã được đăng tải.",""
"menu/menuList/unPublishSuccessMsg","The Menu has been Unpublished.","Thực đơn đã không được đăng tải.",""
"menu/menuList/deleteMenuSuccessMsg","The Menu has been deleted.","Thực đơn đã bị xóa.",""
"menu/menuList/previewMenu","PREVIEW MENU","XEM TRƯỚC THỰC ĐƠN",""
"menu/sectionList/arrangeTitle","Re-arrange sections","Sắp xếp lại các danh mục",""
"menu/sectionList/show","Show","Hiện",""
"menu/sectionList/hide","Hide","Ẩn",""
"menu/sectionList/addProduct","Add product","Thêm sản phẩm",""
"menu/sectionList/importFromHeniken","Import from Heineken","Nhập từ Heineken",""
"menu/sectionList/deleteSection","Delete {SectionName} section?","Xóa danh mục {SectionName}?",""
"menu/sectionList/deleteSectionSuccessMsg","The Section has been deleted.","Danh mục đã bị xóa.",""
"menu/sectionList/updateSuccess","The Section has been updated.","Danh mục đã được cập nhật.",""
"menu/sectionList/errorUpdateSection","The Section has not been updated.","Danh mục chưa được cập nhật.",""
"menu/productList/updateSuccess","The Product has been updated.","Sản phẩm đã được cập nhật.",""
"menu/productList/errorUpdateProduct","The Product has not been updated.","Sản phẩm chưa được cập nhật.",""
"menu/productList/deleteProductSuccessMsg","The Product has been deleted.","Sản phẩm đã bị xóa.",""
"menu/productList/emptyProductTitle1","You haven't added any products yet.","Bạn chưa thêm bất kỳ sản phẩm nào.",""
"menu/productList/emptyProductTitle2","Please add one.","Vui lòng thêm một sản phẩm.",""
"menu/productList/arrangeTitle","Re-arrange products","Sắp xếp lại sản phẩm",""
"menu/productList/importHeinekenTitle","Add Heineken products","Thêm sản phẩm Heineken",""
"menu/productList/selectAll","Select All","Chọn tất cả",""
"menu/productList/clear","Clear","Xóa hết",""
"menu/productList/addButton","Add","Thêm",""
"menu/productList/selectedTitle","{selectedNumber} of {totalItem} selected","Đã chọn {selectedNumber} của {totalItem}",""
"menu/productList/defaultProductSelectString","Please select from the following","Vui lòng chọn từ danh sách sau",""
"menu/productList/productTitle","Product","Sản phẩm",""
"menu/productList/sectionTitle","Section","Danh mục",""
"menu/productList/errorImportProduct","Cannot import, please try again!","Không thể nhập, vui lòng thử lại!",""
"menu/productList/existedImport","The product already existed on the section. Please select other","Sản phẩm đã tồn tại trên danh mục này. Vui lòng chọn sản phẩm khác",""
"menu/addProduct/title","ADD PRODUCT","THÊM SẢN PHẨM",""
"menu/addProduct/titleEdit","EDIT PRODUCT","CHỈNH SỬA SẢN PHẨM",""
"menu/addProduct/productImage","Product image","Hình ảnh sản phẩm",""
"menu/addProduct/productName","Product name","Tên sản phẩm",""
"menu/addProduct/titlePlaceholder","Product title","Tiêu đề sản phẩm",""
"menu/addProduct/price","Price","Giá",""
"menu/addProduct/description","Description","Mô tả",""
"menu/addProduct/placeholderDes","Product description","Mô tả sản phẩm",""
"menu/addProduct/18product","18+ product","Sản phẩm 18+",""
"menu/addProduct/add","Add","Thêm",""
"menu/addProduct/addSuccessMsg","Menu has been saved.","Thực đơn đã được lưu.",""
"menu/addProduct/update","Update","Cập nhật",""
"menu/addProduct/delete","Delete Product","Xóa sản phẩm",""
"menu/addProduct/deleteProduct","Delete this product?","Xóa sản phẩm này?",""
"menu/addProduct/errorName","Name can not be empty","Tên không được để trống",""
"menu/addProduct/errorPrice","Price can not be empty","Giá không được để trống",""
"menu/addProduct/errorAddProduct","Can not add product","Không thể thêm sản phẩm",""
"menu/addProduct/updateSuccess","Update product success","Cập nhật sản phẩm thành công",""
"menu/addProduct/errorUpdateProduct","Can not update product","Không thể cập nhật sản phẩm",""
"imageFromDevice/titleUpload","TAKE A PHOTO OR UPLOAD","CHỤP ẢNH HOẶC TẢI LÊN",""
"imageFromDevice/takeAPhoto","Take a photo","Chụp ảnh",""
"imageFromDevice/chooseFromLib","Choose from library","Chọn từ thư viện",""
"imageFromDevice/cancel","Cancel","Hủy bỏ",""
"imageFromDevice/uploadError","Can not upload image","Không thể tải lên hình ảnh",""
"myUsers/myUsers","MY USERS","NGƯỜI DÙNG CỦA TÔI",""
"myUsers/addUser","Add User","Thêm người dùng",""
"myUsers/editUser","Edit User","Chỉnh sửa thông tin người dùng",""
"myUsers/outletManager","Outlet Manager","Quản lý cửa hàng",""
"myUsers/phoneNumber","Phone Number","Số điện thoại",""
"myUsers/password","Password","Mật khẩu",""
"myUsers/name","Name","Họ và tên",""
"myUsers/role","Role","Vai trò",""
"myUsers/add","Add","Thêm",""
"myUsers/cancel","Cancel","Hủy bỏ",""
"myUsers/update","Update","Cập nhật",""
"myUsers/deleteMenuButton","Yes, delete","Đồng ý xóa",""
"myUsers/deleteThisUser","Delete this user?","Xóa người dùng này?",""
"myUsers/deleteDesc","Are you sure you want to delete?","Bạn có chắc muốn xóa?",""
"myUsers/communitySeller","Community Seller","Người kết nối",""
"myUsers/faildCreate","Can not create new user","Không thể tạo người dùng mới",""
"myUsers/faildUpdate","Can not update this user","Không thể cập nhật thông tin người dùng này",""
"myUsers/faildDeleted","Can not delete this user","Không thể xóa người dùng này",""
"myUsers/successCreate","User has been added","Người dùng đã được thêm vào",""
"myUsers/successUpdate","User has been updated","Người dùng đã được cập nhật thông tin",""
"myUsers/successUpdatePhoneNumber","Phone number has been updated","Số điện thoại đã được cập nhật",""
"myUsers/successUpdatePassword","Password has been updated","Mật khẩu đã được cập nhật",""
"myUsers/you","(You)","(You)",""
"promotions/myPromotions/titleHeader","MY PROMOTIONS","KHUYẾN MÃI CỦA TÔI",""
"promotions/myPromotions/des","UMenu offers easy and perfect solutions to push sales for your outlet.","UMenu cung cấp các giải pháp dễ dàng và hoàn hảo để thúc đẩy doanh số bán hàng cho cửa hàng của bạn.",""
"promotions/myPromotions/textButton","Get started","Hãy bắt đầu nào",""
"promotions/listPromotions/titleHeader","MY PROMOTIONS","CÁC KHUYẾN MÃI CỦA TÔI",""
"promotions/listPromotions/title","Manage your promotions here","Quản lý các chương trình khuyến mãi của bạn tại đây",""
"promotions/listPromotions/titleGift","GIFTS WITH PURCHASE","QUÀ TẶNG KHI MUA",""
"promotions/listPromotions/desGift","Set up to offer free gifts with every single purchase","Thiết lập để cung cấp những quà tặng miễn phí với mỗi lần mua hàng",""
"promotions/listGift/titleHeader","GIFTS WITH PURCHASE","",""
"promotions/listGift/titleNoGift","No gifts yet","",""
"promotions/listGift/desNoGift1","You haven’t created any gifts yet.","",""
"promotions/listGift/desNoGift2","Please create one.","",""
"promotions/listGift/createGift","Create gift","",""
"promotions/listGift/all","ALL","",""
"promotions/listGift/active","Active","",""
"promotions/listGift/inactive","Inactive","",""
"promotions/listGift/activeTab","ACTIVE","",""
"promotions/listGift/inactiveTab","INACTIVE","",""
"promotions/listGift/from","From","",""
"promotions/listGift/to","To","",""
"promotions/selectMenu/titleHeader","SELECT MENU","",""
"promotions/selectMenu/select","Select","",""
"promotions/currentGift/titleCreate","CREATE GIFT","",""
"promotions/currentGift/titleEdit","EDIT GIFT","",""
"promotions/currentGift/giftInfo","GIFT INFORMATION","",""
"promotions/currentGift/giftName","Gift name","",""
"promotions/currentGift/placeHolderGiftName","Enter gift name","",""
"promotions/currentGift/des","Description","",""
"promotions/currentGift/placeHolderGiftDes","Enter description","",""
"promotions/currentGift/applicableProducts","APPLICABLE PRODUCT(S)","",""
"promotions/currentGift/giftProducts","GIFT PRODUCT(S)","",""
"promotions/currentGift/selectProduct","Select product","",""
"promotions/currentGift/selectMoreProduct","Select more product","",""
"promotions/currentGift/selectProductGift","Add product","",""
"promotions/currentGift/selectMoreProductGift","Add more product","",""
"promotions/currentGift/selectGift","You haven’t added any gifts yet.","",""
"promotions/currentGift/notSelectMsg","You haven’t selected any products yet. ","",""
"promotions/currentGift/plsSelectMore","Please select product(s).","",""
"promotions/currentGift/plsSelectMoreGift","Please add one.","",""
"promotions/currentGift/quantity","Quantity","",""
"promotions/currentGift/selectFromMenu","Select from menu","",""
"promotions/currentGift/addNew","Add new","",""
"promotions/currentGift/titleSelect","SELECT FROM MENU","",""
"promotions/currentGift/titleAdd","ADD NEW","",""
"promotions/currentGift/desSelect","Select a product from your menu and set it as a gift.","",""
"promotions/currentGift/desAdd","Add a new gift.","",""
"promotions/currentGift/gotIt","Got it","",""
"promotions/currentGift/conditions","CONDITIONS","",""
"promotions/currentGift/limitgift","Limit the number of gift","",""
"promotions/currentGift/limitUses","Limit the uses per customer","",""
"promotions/currentGift/placeholderMaxGift","Enter number of gift","",""
"promotions/currentGift/placeholderMaxUses","Enter number of use","",""
"promotions/currentGift/validityPeriod","Validity Period","",""
"promotions/currentGift/startDate","Start date","",""
"promotions/currentGift/endDate","End date","",""
"promotions/selectProductScreen/headerTitle","SELECT PRODUCT","",""
"promotions/selectProductScreen/selected","selected","",""
"promotions/addNewGift/headerTitle","ADD NEW GIFT","",""
"promotions/addNewGift/productImage","Product image","",""
"promotions/addNewGift/productName","Product name","",""
"promotions/addNewGift/placeHolderName","Enter product name","",""
"promotions/addNewGift/add","Add","",""
"promotions/addNewGift/errorInputName","Please enter product name","",""
"adminUsers/users","Users","Người dùng",""
"adminUsers/deleteMenuButton","Yes, delete","Đồng ý xóa",""
"adminUsers/deleteThisUser","Delete this user?","Xóa người dùng này?",""
"adminUsers/deleteDesc","Are you sure you want to delete?","Bạn có chắc chắn muốn xóa?",""
"adminUsers/yesActivate","Yes, activate","Xác nhận kích hoạt",""
"adminUsers/yesDeactivate","Yes, deactivate","Xác nhận hủy kích hoạt",""
"adminUsers/communitySeller","Community Seller","Người kết nối",""
"adminUsers/deactivateThisUser","Deactivate this user?","Hủy kích hoạt người dùng này?",""
"adminUsers/activateThisUserAlert","Activate this user?","Kích hoạt người dùng này?",""
"adminUsers/activateThisUserMsg","Are you sure you want to activate?","Bạn có chắc muốn kích hoạt không?",""
"adminUsers/deactivateThisUserMsg","Are you sure you want to deactivate?","Bạn có muốn hủy kích hoạt không?",""
"adminUsers/phoneNumber","Phone Number","Số điện thoại",""
"adminUsers/password","Password","Mật khẩu",""
"adminUsers/name","Name","Họ và tên",""
"adminUsers/role","Role","Vai trò",""
"adminUsers/add","Add","Thêm",""
"adminUsers/activate","Activate","Kích hoạt",""
"adminUsers/deactivate","Deactivate","Hủy kích hoạt",""
"adminUsers/admin","Admin","Người dùng quản trị",""
"adminUsers/addUser","Add User","Thêm người dùng",""
"adminUsers/editUser","Edit User","Chỉnh sửa thông tin người dùng",""
"adminUsers/update","Update","Cập nhật",""
"adminUsers/cancel","Cancel","Hủy bỏ",""
"adminUsers/you","(You)","(You)",""
"adminSideMenu/defaultMenu","Default Menu","Thực đơn mặc định",""
"adminSideMenu/outlets","Outlets","Cửa hàng",""
"adminSideMenu/users","Users","Người dùng",""
"adminSideMenu/reporting","Reporting","Báo cáo",""
"adminSideMenu/faqs","FAQs & Help","Câu hỏi thường gặp và trợ giúp",""
"adminSideMenu/logout","Log out","Đăng xuất",""
"adminSideMenu/term","Terms & Conditions","Điều khoản và điều kiện",""
"adminSideMenu/policy","Privacy Policy","Chính sách bảo mật",""
"adminHome/defaultMenu","DEFAULT MENU","THỰC ĐƠN MẶC ĐỊNH",""
"adminHome/outlets","OUTLETS","CỬA HÀNG",""
"adminHome/users","USERS","NGƯỜI DÙNG",""
"adminHome/reporting","REPORTING","BÁO CÁO",""
"adminHome/promotions","PROMOTIONS","KHUYẾN MÃI",""
"adminHome/support","SUPPORT","HỖ TRỢ",""
"adminOutlets/outlets","OUTLETS","CỬA HÀNG",""
"adminOutlets/activeMenu","ACTIVE MENU","KÍCH HOẠT THỰC ĐƠN",""
"adminOutlets/search","Search...","Tìm kiếm...",""
"adminOutlets/filter","Filter","Bộ lọc",""
"adminOutlets/sort","Sort","Sắp xếp",""
"adminOutlets/noOutletFound","NO OUTLET FOUND","KHÔNG TÌM THẤY CỬA HÀNG",""
"adminOutletFilter/title","FILTER BY","LỌC BẰNG",""
"adminOutletFilter/activeMenu","ACTIVE MENU","KÍCH HOẠT THỰC ĐƠN",""
"adminOutletFilter/haveActiveMenu","Outlets that have active menu","Các cửa hàng có kích hoạt thực đơn",""
"adminOutletFilter/dontHaveActiveMenu","Outlets that don't have active menu","Các cửa hàng không có kích hoạt thực đơn",""
"adminOutletFilter/city","CITY","THÀNH PHỐ",""
"adminOutletFilter/selectACity","Select a city","Chọn một thành phố",""
"adminOutletFilter/selected","selected","đã chọn",""
"adminOutletFilter/districts","DISTRICT(S)","QUẬN",""
"adminOutletFilter/selectACityFirst","Select a city first","Hãy chọn một thành phố trước",""
"adminOutletFilter/selectDistricts","Select district(s)","Chọn quận",""
"adminOutletFilter/districtSelected","districts selected","các quận được chọn",""
"adminOutletFilter/cityPopupTitle","SELECT A CITY","CHỌN MỘT THÀNH PHỐ",""
"adminOutletFilter/districtPopupTitle","SELECT DISTRICT(S)","CHỌN QUẬN",""
"adminOutletFilter/select","Select","Chọn",""
"adminOutletFilter/clear","Clear","Xóa hết",""
"adminOutletFilter/apply","Apply","Áp dụng",""
"adminOutletSort/title","SORT BY","SẮP XẾP THEO",""
"adminOutletSort/createdDate","CREATED DATE","NGÀY TẠO",""
"adminOutletSort/newest","Newest","Mới nhất",""
"adminOutletSort/oldest","Oldest","Cũ nhất",""
"adminOutletSort/outletName","OUTLET NAME","TÊN CỬA HÀNG",""
"adminOutletSort/aZ","A to Z","A đến Z",""
"adminOutletSort/zA","Z to A","Z đến A",""
"adminOutletSort/clear","Clear","Xóa hết",""
"adminOutletSort/apply","Apply","Áp dụng",""
"adminOutletDetail/active","ACTIVE","HOẠT ĐỘNG",""
"adminOutletDetail/inactive","INACTIVE","KHÔNG HOẠT ĐỘNG",""
"adminOutletDetail/mobilePhoneNumber","Mobile phone number","Số điện thoại",""
"adminOutletDetail/registeredUsername","Registered Username","Tên người dùng đã đăng ký",""
"adminOutletDetail/menus","MENUS","THỰC ĐƠN",""
"adminOutletDetail/users","USERS","NGƯỜI DÙNG",""
"adminOutletDetail/orders","ORDERS","ĐƠN HÀNG",""
"adminOutletDetail/deactivate","Deactivate","Hủy kích hoạt",""
"adminOutletDetail/activate","Activate","Kích hoạt",""
"adminOutletDetail/deactivateTitlePopup","Deactivate this outlet?","Hủy kích hoạt cửa hàng này?",""
"adminOutletDetail/deactivateDescPopup","Are you sure you want to deactivate?","Bạn có chắc muốn hủy kích hoạt không?",""
"adminOutletDetail/confirmDeactivate","Yes, deactivate","Đồng ý hủy kích hoạt",""
"adminOutletDetail/activateTitlePopup","Activate this outlet?","Kích hoạt cửa hàng này?",""
"adminOutletDetail/activateDescPopup","Are you sure you want to activate?","Bạn có chắc muốn kích hoạt không?",""
"adminOutletDetail/confirmActivate","Yes, activate","Đồng ý kích hoạt",""
"adminOutletDetail/cancel","Cancel","Hủy bỏ",""
"defaultMenu/title","DEFAULT MENU","THỰC ĐƠN MẶC ĐỊNH",""
"defaultMenu/product/rsp","RSP","RSP",""
"adminSupport/title","SUPPORT","HỖ TRỢ",""
"adminSupport/selectDateRange","SELECT DATE RANGE","CHỌN PHẠM VI NGÀY",""
"adminSupport/from","From","từ",""
"adminSupport/to","To","đến",""
"adminSupport/outlet","Outlet","Cửa hàng",""
"adminSupport/topic","Topic","Chủ đề",""
"adminSupport/time","Time","Thời gian",""
"adminSupport/detailFeedback/title","Support Detail","Chi tiết hỗ trợ",""
"adminSupport/detailFeedback/outletName","Outlet name","Tên cửa hàng",""
"adminSupport/detailFeedback/userName","User name","Tên người dùng",""
"adminSupport/detailFeedback/mobileNumber","Mobile number","Số điện thoại",""
"adminSupport/detailFeedback/relatedTopic","Related Topic","Chủ đề liên quan",""
"adminSupport/detailFeedback/question","Question","Câu hỏi",""
"adminSupport/detailFeedback/sendSMS","Send SMS","Gửi SMS",""
"adminSupport/detailFeedback/call","Call","Gọi",""
"adminSupport/detailFeedback/resolve","Resolve","Giải quyết",""
"adminSupport/detailFeedback/alreadyResolveText","This question has been successfully resolved","Câu hỏi này đã được giải quyết thành công",""
"hcsSideMenu/menus","Menus","Các thực đơn",""
"hcsSideMenu/performance","Performance","Hiệu suất",""
"hcsSideMenu/faqs","FAQs & Help","Câu hỏi thường gặp và trợ giúp",""
"hcsSideMenu/language","Language","Ngôn ngữ",""
"hcsSideMenu/logout","Log out","Đăng xuất",""
"hcsSideMenu/term","Terms & Conditions","Điều khoản và điều kiện",""
"hcsSideMenu/policy","Privacy Policy","Chính sách bảo mật",""
"hcsHome/menus","MENUS","CÁC THỰC ĐƠN",""
"hcsHome/performance","PERFORMANCE","HIỆU SUẤT",""
"hcsOutletList/title","OUTLETS WITH MENUS","CÁC CỬA HÀNG VỚI THỰC ĐƠN",""
"hcsOutletList/activeMenu","ACTIVE MENU","",""
"hcsOutletList/search","Search...","",""
"hcsOutletList/filter","Filter","",""
"hcsOutletList/sort","Sort","",""
"hcsOutletList/noOutletFound","NO OUTLET FOUND","",""
"hcsOutletListFilter/title","FILTER BY","",""
"hcsOutletListFilter/city","CITY","",""
"hcsOutletListFilter/selected","selected","",""
"hcsOutletListFilter/districts","DISTRICT(S)","",""
"hcsOutletListFilter/selectDistricts","Select district(s)","",""
"hcsOutletListFilter/districtSelected","districts selected","",""
"hcsOutletListFilter/districtPopupTitle","SELECT DISTRICT(S)","",""
"hcsOutletListFilter/select","Select","",""
"hcsOutletListFilter/clear","Clear","",""
"hcsOutletListFilter/apply","Apply","",""
"hcsOutletListSort/title","SORT BY","",""
"hcsOutletListSort/outletName","OUTLET NAME","",""
"hcsOutletListSort/aZ","A to Z","",""
"hcsOutletListSort/zA","Z to A","",""
"hcsOutletListSort/numberOfMenus","NUMBER OF MENUS","",""
"hcsOutletListSort/ascending","Ascending","",""
"hcsOutletListSort/descending","Descending","",""
"hcsOutletListSort/clear","Clear","",""
"hcsOutletListSort/apply","Apply","",""
"hcsMenuList/des","Please do not share these menus to people under 18 years of age","",""
"hscPerformance/performance","PERFORMANCE","",""
"hscPerformance/myPerformance","MY PERFORMANCE","",""
"hscPerformance/myStanding","MY STANDING","",""
"hscPerformance/selectDateRange","SELECT DATE RANGE","",""
"hscPerformance/from","From","",""
"hscPerformance/to","To","",""
"hscPerformance/menu","Menu","",""
"hscPerformance/orders","Orders","",""
"hscPerformance/sales","Sales","",""
"hscPerformance/total","Total","",""
"hscPerformance/topStandingsThisWeek","Top Standings this week","",""
"hscPerformance/myRank","My rank","",""
"hscPerformance/getDataError","Cannot get the data","",""
"ocsSideMenu/menus","Menus","Các thực đơn",""
"ocsSideMenu/performance","performance","hiệu suất",""
"ocsSideMenu/faqs","FAQs & Help","Câu hỏi thường gặp và trợ giúp",""
"ocsSideMenu/language","Language","Ngôn ngữ",""
"ocsSideMenu/logout","Log out","Đăng xuất",""
"ocsSideMenu/term","Terms & Conditions","Điều khoản và điều kiện",""
"ocsSideMenu/policy","Privacy Policy","Chính sách bảo mật",""
"ocsHome/menus","MENUS","CÁC THỰC ĐƠN",""
"ocsHome/performance","PERFORMANCE","HIỆU SUẤT",""